Id,Instance,DurationId,Cost,Loss,Object,Group,Category,Subcategory,Remark,BatchTimeLossCategory
22040,1,38393,627.9282836914062,27,Reactor R201,Operations,Buffer Tank Scheduling Constraints,Scheduling & Planning,waiting on reactor to reach temp R401 before charging.,BTLPS
22041,2,38393,1000.033935546875,43,Reactor R201,Operations,"People, Procedures & Training",No/wrong operating proc./instr,training operator on running board while operator is flaking in the field. apc finishing bagging silo to prevent delay on upcoming flakes. held off on charge.,BTLOTH
22042,1,38394,325.5924377441406,14,,,,,Default loss explanation,Default loss explanation
22043,1,38399,1577.642822265625,80,DRA-300-T5101,Operations,Buffer Tank Scheduling Constraints,Scheduling & Planning,Delay for scheduling to avoid delays around mixer,BTLPS
22044,1,38401,78.88214111328125,4,,,,,Default loss explanation,Default loss explanation
22045,1,38408,1129.597412109375,60,DRA-300-T5101,Operations,Buffer Tank Scheduling Constraints,Scheduling & Planning,Delay per waiting on R201 to reach temp,BTLPS
22046,2,38408,5083.18798828125,270,DRA-204-V0410,Operations,"People, Procedures & Training",Decision taken by Supervisor/Technical Team,Per decision to drain V410 that delayed start of P6132 in R401 ,BTLOTH
22047,1,38410,1374.343505859375,73,Reactor R101,Operations,"People, Procedures & Training",Wrong STT in AU tool,Delay per heating up same time as R201 ph 8,BTLOTH
22048,1,38412,263.5727233886719,14,,,,,Default loss explanation,Default loss explanation
22049,1,38413,1468.4765625,78,Reactor R101,Operations,Process Disturbance,Large correction with raw mat.,made an acid correction mix resample using wet method,BTLOTH
22050,1,38414,150.61297607421875,8,,,,,Default loss explanation,Default loss explanation
22051,1,38417,2582.983154296875,125,DRA-300-T5101,Operations,Buffer Tank Scheduling Constraints,Scheduling & Planning,Delay per avoid delays around mixer,BTLPS
22052,2,38417,5579.24365234375,270,DRA-204-V0410,Operations,"People, Procedures & Training",Decision taken by Supervisor/Technical Team,Per decision to drain V410 that delayed start of P6132 in R401 ,BTLOTH
22053,1,38420,1033.1932373046875,50,DRA-202-R0201,Operations,"People, Procedures & Training",Decision taken by Supervisor/Technical Team,delay per had several maintenance jobs to permit,BTLOTH
22054,1,38421,268.6302490234375,13,,,,,Default loss explanation,Default loss explanation
22055,1,38422,61.99159622192383,3,,,,,Default loss explanation,Default loss explanation
22056,1,38424,3781.4873046875,183,DRA-300-T5101,Operations,Process Disturbance,mixer occupied,Cooled in reactor per T5101 is flaking P6132,BTLOTH
22057,1,38426,5248.0087890625,270,DRA-204-V0410,Operations,"People, Procedures & Training",Decision taken by Supervisor/Technical Team,decision made to drain V 410 before charging ,BTLOTH
22058,2,38426,4820.39306640625,248,DRA-204-R0401,Operations,Buffer Tank Scheduling Constraints,Scheduling & Planning,delay per waiting on R101 to get to temp,BTLPS
22059,1,38433,2526.81884765625,130,DRA-204-R0401,Operations,"People, Procedures & Training",Decision taken by Supervisor/Technical Team,delay per cooled in reactor due to permitting several maintenance jobs,BTLOTH
22060,1,38434,291.5560302734375,15,,,,,Default loss explanation,Default loss explanation
22061,1,38435,2894.10107421875,150,DRA-300-T5101,Operations,Buffer Tank Scheduling Constraints,Scheduling & Planning,Delay per avoid delays around mixer,BTLPS
22062,1,38437,2373.162841796875,123,DRA-201-R0101,Operations,Process Disturbance,Large correction with raw mat.,Delay due to two A30 corrections,BTLOTH
22063,1,38439,3569.391357421875,185,DRA-300-T5101,Operations,Process Disturbance,mixer occupied,Delay per mixer occupied flaking R-201 P-6040 5900160,BTLOTH
22064,1,38441,9516.0888671875,436,DRA-300-T5101,Operations,Buffer Tank Scheduling Constraints,Scheduling & Planning,Delay per avoid delays around mixer,BTLPS
22065,1,38442,1113.1204833984375,51,DRA-202-R0201,Operations,Raw Materials,Physical property of Raw Material,Delay per had to rod A11 due to product being hard ,BTLOTH
22066,1,38445,218.25892639160156,10,,,,,Default loss explanation,Default loss explanation
22067,1,38446,938.5133666992188,43,DRA-202-R0201,Operations,"People, Procedures & Training",Operator Error- Forgot,cooled to 414 before starting to heat back upforgot to stop cool before charging,BTLOTH
22068,1,38447,240.08482360839844,11,,,,,Default loss explanation,Default loss explanation
22069,1,38449,9252.55078125,403,DRA-300-T5101,Operations,Buffer Tank Scheduling Constraints,Scheduling & Planning,Charge per schedule per heat up schedule ,BTLPS
22070,1,38450,528.0612182617188,23,DRA-100-F3081B,Operations,"People, Procedures & Training",No/wrong operating proc./instr,Had to change A50 filters due to high dp ,BTLOTH
22071,1,38451,2066.326416015625,90,DRA-204-R0401,Operations,"People, Procedures & Training",Wrong STT in AU tool,Delay per wrong STT in AU not enough time for phase 2,BTLOTH
22072,1,38454,344.38775634765625,15,,,,,Default loss explanation,Default loss explanation
22073,1,38456,1744.89794921875,76,DRA-400-T4007,Operations,"People, Procedures & Training",silo occupied,delay per waiting on silo,BTLOTH
22074,1,38458,219.30999755859375,13,,,,,Default loss explanation,Default loss explanation
22075,1,38462,185.57000732421875,11,,,,,Default loss explanation,Default loss explanation
22076,1,38467,20372.861328125,893,DRA-202-KPV0264,Maintenance,Equipment Failure,Failure autom. (control) valve,Per KPV-264 was leaking had to change out on R-201 ,BTLPS
22077,1,38470,205.32557678222656,9,,,,,Default loss explanation,Default loss explanation
22078,1,38471,205.32557678222656,9,,,,,Default loss explanation,Default loss explanation
22079,1,38472,68.44186401367188,3,,,,,Default loss explanation,Default loss explanation
22080,1,38474,10927.8837890625,479,DRA-300-T5101,Operations,Process Disturbance,mixer occupied,Cooled and held per flaking from R101 (P5051) followed by P958 from T5101,BTLOTH
22081,1,38475,296.5813903808594,13,,,,,Default loss explanation,Default loss explanation
22082,1,38476,5724.890625,285,DRA-300-T5101,Operations,Buffer Tank Scheduling Constraints,Scheduling & Planning,Delay for scheduling to avoid delays around mixer,BTLPS
22083,2,38476,1586.8995361328125,79,DRA-100-T0001,Operations,"People, Procedures & Training",Decision taken by Supervisor/Technical Team,Delay per unloaded G73 truck before charging,BTLOTH
22084,1,38479,241.04803466796875,12,,,,,Default loss explanation,Default loss explanation
22085,1,38480,120.52401733398438,6,,,,,Default loss explanation,Default loss explanation
22086,1,38481,1566.812255859375,78,DRA-204-R0401,Operations,Slow Conversion,Cloudy Samples,slow conversion ,BTLOTH
22087,2,38481,903.9301147460938,45,DRA-204-R0401,Operations,Process Disturbance,Large correction with raw mat.,large correction and resample,BTLOTH
22088,1,38482,6689.0830078125,333,DRA-204-R0401,Operations,Slow Conversion,Waiting for Acid Value to get in range,delay per waiting for acid to get in range in ph9.,BTLOTH
22089,1,38483,10766.8125,536,DRA-300-T5101,Operations,Process Disturbance,mixer occupied,Flaking P-5051 from R--101 DECISION MADE TO FLAKE 5051 FIRST AND HOLD 958 IN REACTOR IN CASE IF GOES OUT WHILE HOLDING,BTLOTH
22090,1,38484,301.31005859375,15,,,,,Default loss explanation,Default loss explanation
22091,1,38485,2594.395263671875,300,DRA-300-T5101,Operations,Buffer Tank Scheduling Constraints,Scheduling & Planning,Charge per schedule R-201 P-800 get to temp.,BTLPS
22092,2,38485,605.35888671875,70,DRA-100-T3072,Operations,"People, Procedures & Training",Decision taken by Supervisor/Technical Team,Delay per offloading A50 tt prior to charge,BTLOTH
22093,1,38487,112.42378997802734,13,,,,,Default loss explanation,Default loss explanation
22094,1,38489,129.71975708007812,15,,,,,Default loss explanation,Default loss explanation
22095,1,38490,1029.110107421875,119,DRA-201-R0101,Operations,Slow Conversion,Waiting for Acid Value to get in range,waiting on av to get in range,BTLOTH
22096,1,38491,86.4798355102539,10,,,,,Default loss explanation,Default loss explanation
22097,1,38494,4975.86962890625,217,DRA-300-T5101,Operations,Buffer Tank Scheduling Constraints,Scheduling & Planning,Charge per schedule @ temp. R-401 P-865,BTLPS
22098,1,38495,68.79082489013672,3,,,,,Default loss explanation,Default loss explanation
22099,1,38496,321.02386474609375,14,,,,,Default loss explanation,Default loss explanation
22100,1,38500,3349.827880859375,173,DRA-300-T5101,Operations,Buffer Tank Scheduling Constraints,Scheduling & Planning,delay per waiting on R101 to get to temp,BTLPS
22101,2,38500,1742.68505859375,90,DRA-400-PK4020,Maintenance,,Planned maintenance shutdown,delay per Concetti PM,
22102,1,38502,193.6316680908203,10,,,,,Default loss explanation,Default loss explanation
22103,1,38507,3001.290771484375,155,DRA-300-T5101,Operations,Process Disturbance,mixer occupied,Delay per flaking P800,BTLOTH
22104,1,38508,58.089500427246094,3,,,,,Default loss explanation,Default loss explanation
22105,1,38509,2273.075927734375,131,DRA-300-T5101,Operations,Buffer Tank Scheduling Constraints,Scheduling & Planning,hold per schedule,BTLPS
22106,2,38509,1561.6551513671875,90,DRA-400-PK4020,Maintenance,,Planned maintenance shutdown,Delay per Concetti PM,
22107,1,38510,190.8689727783203,11,,,,,Default loss explanation,Default loss explanation
22108,1,38513,3279.475830078125,189,DRA-300-T5101,Operations,Process Disturbance,mixer occupied,Cool in reactor per flaking P761,BTLOTH
22109,1,38515,1756.1798095703125,90,DRA-202-R0201,Operations,Buffer Tank Scheduling Constraints,Scheduling & Planning,Delay per waiting for R401 to get to temp,BTLPS
22110,2,38515,1756.1798095703125,90,DRA-400-PK4020,Maintenance,,Planned maintenance shutdown,Concetti PM on machine*Concetti PBSobject?,
22111,1,38516,97.56554412841797,5,,,,,Default loss explanation,Default loss explanation
22112,1,38519,58.53932571411133,3,,,,,Default loss explanation,Default loss explanation
22113,1,38520,273.18353271484375,14,,,,,Default loss explanation,Default loss explanation
22114,1,38522,195.13108825683594,10,,,,,Default loss explanation,Default loss explanation
22115,1,38523,3700.54296875,234,DRA-300-T5101,Operations,Buffer Tank Scheduling Constraints,Scheduling & Planning,delay per waiting on R101 to reach temp,BTLPS
22116,1,38526,47.44285583496094,3,,,,,Default loss explanation,Default loss explanation
22117,1,38527,79.07142639160156,5,,,,,Default loss explanation,Default loss explanation
22118,1,38528,158.14285278320312,10,,,,,Default loss explanation,Default loss explanation
22119,1,38532,4920.17236328125,258,DRA-300-T5101,Operations,Buffer Tank Scheduling Constraints,Scheduling & Planning,delay for scheduling to avoid delays around mixer,BTLPS
22120,1,38534,800.958251953125,42,DRA-204-R0401,Operations,"People, Procedures & Training",Wrong STT in AU tool,"reason unknown, check AU for adjustment",BTLOTH
22121,1,38536,171.6339111328125,9,,,,,Default loss explanation,Default loss explanation
22122,1,38537,266.986083984375,14,,,,,Default loss explanation,Default loss explanation
22123,1,38540,286.0565185546875,15,,,,,Default loss explanation,Default loss explanation
